ARI,NMI,V-measure,cancer_type
0.3558091666924884,0.4413986651713931,0.4413986651713931,BRCA
