ARI,NMI,V-measure,cancer_type
0.25306586237663875,0.3730406678692865,0.37304066786928647,BRCA
